-- phpMyAdmin SQL Dump
-- version 5.0.4
-- https://www.phpmyadmin.net/
--
-- Host: 127.0.0.1
-- Generation Time: Aug 27, 2021 at 08:14 AM
-- Server version: 10.4.17-MariaDB
-- PHP Version: 7.3.26

SET SQL_MODE = "NO_AUTO_VALUE_ON_ZERO";
START TRANSACTION;
SET time_zone = "+00:00";


/*!40101 SET @OLD_CHARACTER_SET_CLIENT=@@CHARACTER_SET_CLIENT */;
/*!40101 SET @OLD_CHARACTER_SET_RESULTS=@@CHARACTER_SET_RESULTS */;
/*!40101 SET @OLD_COLLATION_CONNECTION=@@COLLATION_CONNECTION */;
/*!40101 SET NAMES utf8mb4 */;

--
-- Database: `thedigitalcontainer`
--

-- --------------------------------------------------------

--
-- Table structure for table `collegedepartments`
--

CREATE TABLE `collegedepartments` (
  `id` int(100) DEFAULT NULL,
  `idDep` int(100) NOT NULL,
  `Department` text DEFAULT NULL
) ENGINE=InnoDB DEFAULT CHARSET=utf8;

--
-- Dumping data for table `collegedepartments`
--

INSERT INTO `collegedepartments` (`id`, `idDep`, `Department`) VALUES
(1, 1, 'البرمجيات'),
(1, 2, 'الحاسوب'),
(1, 3, 'الرياضيات'),
(1, 4, 'الأحصاء'),
(1, 5, 'البحوث و التقنيات الذكائية'),
(2, 11, 'هندسة البيئة'),
(2, 12, 'الهندسة المعمارية'),
(2, 13, 'الهندسة الكهربائية'),
(2, 14, 'الهندسة المدنية'),
(2, 15, 'الهندسة الميكانيكية'),
(2, 16, 'هندسة السدود و الموارد المائية'),
(2, 17, 'هندسة الميكاترونكس'),
(2, 18, 'هتدسة الحاسوب'),
(3, 19, 'الطب'),
(4, 20, 'اللغة الأنكليزية'),
(4, 21, 'اللغة العربية'),
(4, 22, 'التاريخ'),
(4, 23, 'الجغرافية'),
(4, 24, 'علم النفس'),
(4, 25, 'علوم القران'),
(5, 26, 'علوم الحياة'),
(5, 27, 'الكيمياء'),
(5, 28, 'الفيزياء'),
(5, 29, 'الرياضيات'),
(5, 30, 'علوم الحاسوب'),
(6, 31, 'اللغة العربية'),
(6, 32, 'الكيمياء'),
(6, 33, 'علوم الحياة'),
(6, 34, 'الرياضة'),
(6, 35, 'الأسلامية'),
(7, 36, 'قسم العلوم التمريضية السريرية'),
(7, 37, 'قسم العلوم التمريضية الأساسية'),
(8, 38, 'الصيدلة'),
(9, 39, 'طب الأسنان'),
(10, 40, 'الطب البيطري'),
(11, 41, 'علوم الحياة'),
(11, 42, 'الكيمياء'),
(11, 43, 'الفيزياء'),
(11, 44, 'الطاقات المتجددة'),
(11, 45, 'الفيزياء الحياتية'),
(11, 46, 'علوم الأرض'),
(12, 47, 'فرع السياسة العامة'),
(12, 48, 'فرع العلاقات الدولية'),
(13, 49, 'الشريعة'),
(13, 50, 'أصول الدين'),
(13, 51, 'الحضارة الأسلامية'),
(14, 52, 'تقانات البيئة'),
(14, 53, 'علوم البيئة'),
(15, 54, 'المحاسبة'),
(15, 55, 'ادارة الأعمال'),
(15, 56, 'نظم المعلومات الأدارية'),
(15, 57, 'الأدارة الصناعية'),
(15, 58, 'الأقتصاد'),
(15, 59, 'العلوم المالية و المصرفية '),
(16, 60, 'التعليم الزراعي'),
(16, 61, 'المكننة الزراعية'),
(16, 62, 'المحاصيل الحقلية'),
(16, 63, 'شعبة العلوم الأساسية'),
(16, 64, 'البستنة و هندسة الحدائق'),
(16, 65, 'الغابات'),
(16, 66, 'وقاية النبات'),
(16, 67, 'الثروة الحيوانية'),
(16, 68, 'الأقتصاد الزراعي'),
(16, 69, 'علوم الأغذية و التقانات الأحيائية'),
(16, 70, 'التربة و المياه'),
(17, 71, 'اللغة الفرنسية'),
(17, 72, 'اللغة الأنكليزية'),
(17, 73, 'الترجمة'),
(17, 74, 'اللغة العربية'),
(17, 75, 'المسماري'),
(17, 76, 'التاريخ'),
(17, 77, 'المكتبات و المعلوماتية'),
(17, 78, 'الاعلام'),
(17, 79, 'الفلسفة'),
(17, 80, 'علم الأجتماع'),
(18, 81, 'الألعاب الفردية'),
(18, 82, 'الألعاب الفرقية'),
(18, 83, 'العلوم الرياضية'),
(19, 84, 'الحضارة'),
(19, 85, 'الأثار'),
(19, 86, 'اللغات العراقية القديمة'),
(20, 87, 'حقوف الأنسان'),
(20, 88, 'فرع القانون العام'),
(20, 89, 'فرع القانون الخاص'),
(21, 90, 'التربية الفنية'),
(21, 91, 'الفنون التشكيلية'),
(21, 92, 'الفنون المسرحية'),
(22, 93, 'السياحة'),
(22, 94, 'الأدارة الفندقية'),
(23, 95, 'هندسة النفط و التكرير'),
(23, 96, 'هندسة التعدين'),
(23, 97, 'هندسة المكامن النفطية'),
(24, 98, 'التربية الأسلامية'),
(24, 99, 'التربية الرياضية'),
(24, 100, 'الجغراقية'),
(24, 101, 'التاريخ'),
(24, 102, 'اللغة الأنكليزية'),
(24, 103, 'اللغة العربية'),
(24, 104, 'رياض الأطفال'),
(24, 105, 'التربية الخاصة'),
(24, 106, 'العلوم'),
(24, 107, 'الرياضيات');

-- --------------------------------------------------------

--
-- Table structure for table `collegelect`
--

CREATE TABLE `collegelect` (
  `id` int(100) NOT NULL,
  `collegeName` varchar(255) DEFAULT NULL
) ENGINE=InnoDB DEFAULT CHARSET=utf8;

--
-- Dumping data for table `collegelect`
--

INSERT INTO `collegelect` (`id`, `collegeName`) VALUES
(1, 'علوم الحاسوب و الرياضيات'),
(2, 'الهندسة'),
(3, 'الطب'),
(4, 'التربية الأنسانية'),
(5, 'التربية الصرفة'),
(6, 'التربية للبنات'),
(7, 'التمريض'),
(8, 'الصيدلة'),
(9, 'طب الأسنان'),
(10, 'الطب البيطري'),
(11, 'العلوم'),
(12, 'العلوم السياسية'),
(13, 'العلوم الأسلامية'),
(14, 'علوم البيئة'),
(15, 'الأدارة و الأقتصاد'),
(16, 'الزراعة و الغابات'),
(17, 'الأداب'),
(18, 'التربية البدنية و علوم الرياضة'),
(19, 'الأثار'),
(20, 'الحقوق'),
(21, 'الفنون الجميلة'),
(22, 'العلوم السياحية'),
(23, 'هندسة النفط و التعدين'),
(24, 'التربية الأساسية');

-- --------------------------------------------------------

--
-- Table structure for table `colleges`
--

CREATE TABLE `colleges` (
  `id` int(100) NOT NULL,
  `names` varchar(255) DEFAULT NULL
) ENGINE=InnoDB DEFAULT CHARSET=utf8;

--
-- Dumping data for table `colleges`
--

INSERT INTO `colleges` (`id`, `names`) VALUES
(2, 'Engineering'),
(3, 'law'),
(4, 'human Education'),
(5, 'Nursing'),
(6, 'pure Education'),
(7, 'Science'),
(8, 'basic Education'),
(9, 'Veterinary'),
(10, 'ecology'),
(11, 'petro Engineering'),
(12, 'girls Education'),
(13, 'Pharmacy'),
(14, 'Dentistry'),
(15, 'Agriculture and Forestry'),
(16, 'Arts'),
(17, 'archaeology'),
(18, 'political Science'),
(19, 'islamic Science'),
(20, 'Physical Training And Sports Sciences'),
(21, 'Administration And Economics'),
(22, 'Tourism'),
(23, 'Literature'),
(24, 'medicine'),
(25, 'computer Science');

-- --------------------------------------------------------

--
-- Table structure for table `course1`
--

CREATE TABLE `course1` (
  `idS1` int(100) DEFAULT NULL,
  `idCourse` int(100) NOT NULL,
  `courseName` text DEFAULT NULL
) ENGINE=InnoDB DEFAULT CHARSET=utf8;

-- --------------------------------------------------------

--
-- Table structure for table `course1files`
--

CREATE TABLE `course1files` (
  `idFiles` int(100) NOT NULL,
  `idCourse` int(100) DEFAULT NULL,
  `id` int(100) DEFAULT NULL,
  `fileName` text DEFAULT NULL,
  `fileDate` timestamp NULL DEFAULT current_timestamp(),
  `visablity` tinyint(1) DEFAULT 0,
  `link` text NOT NULL
) ENGINE=InnoDB DEFAULT CHARSET=utf8;

-- --------------------------------------------------------

--
-- Table structure for table `request1`
--

CREATE TABLE `request1` (
  `id` int(255) NOT NULL,
  `college` int(100) NOT NULL,
  `dep` int(100) DEFAULT NULL,
  `stage` int(100) DEFAULT NULL,
  `course` int(100) DEFAULT NULL
) ENGINE=InnoDB DEFAULT CHARSET=utf8;

-- --------------------------------------------------------

--
-- Table structure for table `researcherst`
--

CREATE TABLE `researcherst` (
  `id` int(100) DEFAULT NULL,
  `idResearcher` int(100) NOT NULL,
  `idCount` text DEFAULT NULL,
  `researcherName` text DEFAULT NULL,
  `dateOfDiscussion` date DEFAULT NULL,
  `titlle` text DEFAULT NULL,
  `abstract` text DEFAULT NULL,
  `keyWords` text DEFAULT NULL,
  `ProjectSupervisor` text DEFAULT NULL,
  `certificates` text DEFAULT NULL,
  `publicSubject` text DEFAULT NULL,
  `privateSubject` text DEFAULT NULL,
  `collegeName` text DEFAULT NULL,
  `filename` text DEFAULT NULL,
  `namesEn` text NOT NULL,
  `supervisorNE` text NOT NULL,
  `abstractEn` text NOT NULL,
  `keyWordsE` varchar(255) NOT NULL,
  `tittleE` varchar(255) NOT NULL,
  `accessOC` varchar(5) NOT NULL
) ENGINE=InnoDB DEFAULT CHARSET=utf8;

-- --------------------------------------------------------

--
-- Table structure for table `stagesdep`
--

CREATE TABLE `stagesdep` (
  `idDep` int(100) DEFAULT NULL,
  `idStage` int(100) NOT NULL,
  `stageName` text DEFAULT NULL
) ENGINE=InnoDB DEFAULT CHARSET=utf8;

--
-- Dumping data for table `stagesdep`
--

INSERT INTO `stagesdep` (`idDep`, `idStage`, `stageName`) VALUES
(1, 1, 'المرحلة الأولى'),
(1, 2, 'المرحلة الثانية'),
(1, 3, 'المرحلة الثالثة'),
(1, 4, 'المرحلة الرابعة'),
(2, 5, 'المرحلة الأولى'),
(2, 6, 'المرحلة الثانية'),
(2, 7, 'المرحلة الثالثة'),
(2, 8, 'المرحلة الرابعة'),
(3, 9, 'المرحلة الأولى'),
(3, 10, 'المرحلة الثانية'),
(3, 11, 'المرحلة الثالثة'),
(3, 12, 'المرحلة الرابعة'),
(4, 13, 'المرحلة الأولى'),
(4, 14, 'المرحلة الثانية'),
(4, 15, 'المرحلة الثالثة'),
(4, 16, 'المرحلة الرابعة'),
(5, 17, 'المرحلة الأولى'),
(5, 18, 'المرحلة الثانية'),
(5, 19, 'المرحلة الثالثة'),
(5, 20, 'المرحلة الرابعة'),
(12, 21, 'المرحلة الأولى'),
(12, 22, 'المرحلة الثانية'),
(12, 23, 'المرحلة الثالثة'),
(12, 24, 'المرحلة الرابعة'),
(13, 25, 'المرحلة الأولى'),
(13, 26, 'المرحلة الثانية'),
(13, 27, 'المرحلة الثالثة'),
(13, 28, 'المرحلة الرابعة'),
(14, 29, 'المرحلة الأولى'),
(14, 30, 'المرحلة الثانية'),
(14, 31, 'المرحلة الثالثة'),
(14, 32, 'المرحلة الرابعة'),
(15, 33, 'المرحلة الأولى'),
(15, 34, 'المرحلة الثانية'),
(15, 35, 'المرحلة الثالثة'),
(15, 36, 'المرحلة الرابعة'),
(16, 37, 'المرحلة الأولى'),
(16, 38, 'المرحلة الثانية'),
(16, 39, 'المرحلة الثالثة'),
(16, 40, 'المرحلة الرابعة'),
(17, 41, 'المرحلة الأولى'),
(17, 42, 'المرحلة الثانية'),
(17, 43, 'المرحلة الثالثة'),
(17, 44, 'المرحلة الرابعة'),
(18, 45, 'المرحلة الأولى'),
(18, 46, 'المرحلة الثانية'),
(18, 47, 'المرحلة الثالثة'),
(18, 48, 'المرحلة الرابعة'),
(19, 49, 'المرحلة الأولى'),
(19, 50, 'المرحلة الثانية'),
(19, 51, 'المرحلة الثالثة'),
(19, 52, 'المرحلة الرابعة'),
(19, 53, 'المرحلة الخامسة'),
(19, 54, 'المرحلة السادسة'),
(20, 55, 'المرحلة الأولى'),
(20, 56, 'المرحلة الثانية'),
(20, 57, 'المرحلة الثالثة'),
(20, 58, 'المرحلة الرابعة'),
(21, 59, 'المرحلة الأولى'),
(21, 60, 'المرحلة الثانية'),
(21, 61, 'المرحلة الثالثة'),
(21, 62, 'المرحلة الرابعة'),
(22, 63, 'المرحلة الأولى'),
(22, 64, 'المرحلة الثانية'),
(22, 65, 'المرحلة الثالثة'),
(22, 66, 'المرحلة الرابعة'),
(23, 67, 'المرحلة الأولى'),
(23, 68, 'المرحلة الثانية'),
(23, 69, 'المرحلة الثالثة'),
(23, 70, 'المرحلة الرابعة'),
(24, 71, 'المرحلة الأولى'),
(24, 72, 'المرحلة الثانية'),
(24, 73, 'المرحلة الثالثة'),
(24, 74, 'المرحلة الرابعة'),
(25, 75, 'المرحلة الأولى'),
(25, 76, 'المرحلة الثانية'),
(25, 77, 'المرحلة الثالثة'),
(25, 78, 'المرحلة الرابعة'),
(26, 79, 'المرحلة الأولى'),
(26, 80, 'المرحلة الثانية'),
(26, 81, 'المرحلة الثالثة'),
(26, 82, 'المرحلة الرابعة'),
(27, 83, 'المرحلة الأولى'),
(27, 84, 'المرحلة الثانية'),
(27, 85, 'المرحلة الثالثة'),
(27, 86, 'المرحلة الرابعة'),
(28, 87, 'المرحلة الأولى'),
(28, 88, 'المرحلة الثانية'),
(28, 89, 'المرحلة الثالثة'),
(28, 90, 'المرحلة الرابعة'),
(29, 91, 'المرحلة الأولى'),
(29, 92, 'المرحلة الثانية'),
(29, 93, 'المرحلة الثالثة'),
(29, 94, 'المرحلة الرابعة'),
(30, 95, 'المرحلة الأولى'),
(30, 96, 'المرحلة الثانية'),
(30, 97, 'المرحلة الثالثة'),
(30, 98, 'المرحلة الرابعة'),
(31, 99, 'المرحلة الأولى'),
(31, 100, 'المرحلة الثانية'),
(31, 101, 'المرحلة الثالثة'),
(31, 102, 'المرحلة الرابعة'),
(32, 103, 'المرحلة الأولى'),
(32, 104, 'المرحلة الثانية'),
(32, 105, 'المرحلة الثالثة'),
(32, 106, 'المرحلة الرابعة'),
(33, 107, 'المرحلة الأولى'),
(33, 108, 'المرحلة الثانية'),
(33, 109, 'المرحلة الثالثة'),
(33, 110, 'المرحلة الرابعة'),
(34, 111, 'المرحلة الأولى'),
(34, 112, 'المرحلة الثانية'),
(34, 113, 'المرحلة الثالثة'),
(34, 114, 'المرحلة الرابعة'),
(35, 115, 'المرحلة الأولى'),
(35, 116, 'المرحلة الثانية'),
(35, 117, 'المرحلة الثالثة'),
(35, 118, 'المرحلة الرابعة'),
(36, 119, 'المرحلة الأولى'),
(36, 120, 'المرحلة الثانية'),
(36, 121, 'المرحلة الثالثة'),
(36, 122, 'المرحلة الرابعة'),
(37, 123, 'المرحلة الأولى'),
(37, 124, 'المرحلة الثانية'),
(37, 125, 'المرحلة الثالثة'),
(37, 126, 'المرحلة الرابعة'),
(38, 127, 'المرحلة الأولى'),
(38, 128, 'المرحلة الثانية'),
(38, 129, 'المرحلة الثالثة'),
(38, 130, 'المرحلة الرابعة'),
(38, 131, 'المرحلة الخامسة'),
(39, 132, 'المرحلة الأولى'),
(39, 133, 'المرحلة الثانية'),
(39, 134, 'المرحلة الثالثة'),
(39, 135, 'المرحلة الرابعة'),
(39, 136, 'المرحلة الخامسة'),
(40, 137, 'المرحلة الأولى'),
(40, 138, 'المرحلة الثانية'),
(40, 139, 'المرحلة الثالثة'),
(40, 140, 'المرحلة الرابعة'),
(40, 141, 'المرحلة الخامسة'),
(41, 142, 'المرحلة الأولى'),
(41, 143, 'المرحلة الثانية'),
(41, 144, 'المرحلة الثالثة'),
(41, 145, 'المرحلة الرابعة'),
(42, 146, 'المرحلة الأولى'),
(42, 147, 'المرحلة الثانية'),
(42, 148, 'المرحلة الثالثة'),
(42, 149, 'المرحلة الرابعة'),
(43, 150, 'المرحلة الأولى'),
(43, 151, 'المرحلة الثانية'),
(43, 152, 'المرحلة الثالثة'),
(43, 153, 'المرحلة الرابعة'),
(44, 154, 'المرحلة الأولى'),
(44, 155, 'المرحلة الثانية'),
(44, 156, 'المرحلة الثالثة'),
(44, 157, 'المرحلة الرابعة'),
(45, 158, 'المرحلة الأولى'),
(45, 159, 'المرحلة الثانية'),
(45, 160, 'المرحلة الثالثة'),
(45, 161, 'المرحلة الرابعة'),
(46, 162, 'المرحلة الأولى'),
(46, 163, 'المرحلة الثانية'),
(46, 164, 'المرحلة الثالثة'),
(46, 165, 'المرحلة الرابعة'),
(47, 166, 'المرحلة الأولى'),
(47, 167, 'المرحلة الثانية'),
(47, 168, 'المرحلة الثالثة'),
(47, 169, 'المرحلة الرابعة'),
(48, 170, 'المرحلة الأولى'),
(48, 171, 'المرحلة الثانية'),
(48, 172, 'المرحلة الثالثة'),
(48, 173, 'المرحلة الرابعة'),
(49, 174, 'المرحلة الأولى'),
(49, 175, 'المرحلة الثانية'),
(49, 176, 'المرحلة الثالثة'),
(49, 177, 'المرحلة الرابعة'),
(50, 178, 'المرحلة الأولى'),
(50, 179, 'المرحلة الثانية'),
(50, 180, 'المرحلة الثالثة'),
(50, 181, 'المرحلة الرابعة'),
(51, 182, 'المرحلة الأولى'),
(51, 183, 'المرحلة الثانية'),
(51, 184, 'المرحلة الثالثة'),
(51, 185, 'المرحلة الرابعة'),
(52, 186, 'المرحلة الأولى'),
(52, 187, 'المرحلة الثانية'),
(52, 188, 'المرحلة الثالثة'),
(52, 189, 'المرحلة الرابعة'),
(53, 190, 'المرحلة الأولى'),
(53, 191, 'المرحلة الثانية'),
(53, 192, 'المرحلة الثالثة'),
(53, 193, 'المرحلة الرابعة'),
(54, 194, 'المرحلة الأولى'),
(54, 195, 'المرحلة الثانية'),
(54, 196, 'المرحلة الثالثة'),
(54, 197, 'المرحلة الرابعة'),
(55, 198, 'المرحلة الأولى'),
(55, 199, 'المرحلة الثانية'),
(55, 200, 'المرحلة الثالثة'),
(55, 201, 'المرحلة الرابعة'),
(56, 202, 'المرحلة الأولى'),
(56, 203, 'المرحلة الثانية'),
(56, 204, 'المرحلة الثالثة'),
(56, 205, 'المرحلة الرابعة'),
(57, 206, 'المرحلة الأولى'),
(57, 207, 'المرحلة الثانية'),
(57, 208, 'المرحلة الثالثة'),
(57, 209, 'المرحلة الرابعة'),
(58, 210, 'المرحلة الأولى'),
(58, 211, 'المرحلة الثانية'),
(58, 212, 'المرحلة الثالثة'),
(58, 213, 'المرحلة الرابعة'),
(59, 214, 'المرحلة الأولى'),
(59, 215, 'المرحلة الثانية'),
(59, 216, 'المرحلة الثالثة'),
(59, 217, 'المرحلة الرابعة'),
(60, 218, 'المرحلة الأولى'),
(60, 219, 'المرحلة الثانية'),
(60, 220, 'المرحلة الثانية'),
(60, 221, 'المرحلة الثالثة'),
(61, 222, 'المرحلة الأولى'),
(61, 223, 'المرحلة الثانية'),
(61, 224, 'المرحلة الثالثة'),
(61, 225, 'المرحلة الرابعة'),
(62, 226, 'المرحلة الأولى'),
(62, 227, 'المرحلة الثانية'),
(62, 228, 'المرحلة الثالثة'),
(62, 229, 'المرحلة الرابعة'),
(63, 230, 'المرحلة الأولى'),
(63, 231, 'المرحلة الثانية'),
(63, 232, 'المرحلة الثالثة'),
(63, 233, 'المرحلة الرابعة'),
(64, 234, 'المرحلة الأولى'),
(64, 235, 'المرحلة الثانية'),
(64, 236, 'المرحلة الثالثة'),
(64, 237, 'المرحلة الرابعة'),
(65, 238, 'المرحلة الأولى'),
(65, 239, 'المرحلة الثانية'),
(65, 240, 'المرحلة الثالثة'),
(65, 241, 'المرحلة الرابعة'),
(66, 242, 'المرحلة الأولى'),
(66, 243, 'المرحلة الثانية'),
(66, 244, 'المرحلة الثالثة'),
(66, 245, 'المرحلة الرابعة'),
(67, 246, 'المرحلة الأولى'),
(67, 247, 'المرحلة الثانية'),
(67, 248, 'المرحلة الثالثة'),
(67, 249, 'المرحلة الرابعة'),
(68, 250, 'المرحلة الأولى'),
(68, 251, 'المرحلة الثانية'),
(68, 252, 'المرحلة الثالثة'),
(68, 253, 'المرحلة الرابعة'),
(69, 254, 'المرحلة الأولى'),
(69, 255, 'المرحلة الثانية'),
(69, 256, 'المرحلة الثالثة'),
(69, 257, 'المرحلة الرابعة'),
(70, 258, 'المرحلة الأولى'),
(70, 259, 'المرحلة الثانية'),
(70, 260, 'المرحلة الثالثة'),
(70, 261, 'المرحلة الرابعة'),
(71, 262, 'المرحلة الأولى'),
(71, 263, 'المرحلة الثانية'),
(71, 264, 'المرحلة الثالثة'),
(71, 265, 'المرحلة الرابعة'),
(72, 266, 'المرحلة الأولى'),
(72, 267, 'المرحلة الثانية'),
(72, 268, 'المرحلة الثالثة'),
(72, 269, 'المرحلة الرابعة'),
(73, 270, 'المرحلة الأولى'),
(73, 271, 'المرحلة الثانية'),
(73, 272, 'المرحلة الثالثة'),
(73, 273, 'المرحلة الرابعة'),
(74, 274, 'المرحلة الأولى'),
(74, 275, 'المرحلة الثانية'),
(74, 276, 'المرحلة الثالثة'),
(74, 277, 'المرحلة الرابعة'),
(75, 278, 'المرحلة الأولى'),
(75, 279, 'المرحلة الثانية'),
(75, 280, 'المرحلة الثالثة'),
(75, 281, 'المرحلة الرابعة'),
(76, 282, 'المرحلة الأولى'),
(76, 283, 'المرحلة الثانية'),
(76, 284, 'المرحلة الثالثة'),
(76, 285, 'المرحلة الرابعة'),
(77, 286, 'المرحلة الأولى'),
(77, 287, 'المرحلة الثانية'),
(77, 288, 'المرحلة الثالثة'),
(77, 289, 'المرحلة الرابعة'),
(78, 290, 'المرحلة الأولى'),
(78, 291, 'المرحلة الثانية'),
(78, 292, 'المرحلة الثالثة'),
(78, 293, 'المرحلة الرابعة'),
(79, 294, 'المرحلة الأولى'),
(79, 295, 'المرحلة الثانية'),
(79, 296, 'المرحلة الثالثة'),
(79, 297, 'المرحلة الرابعة'),
(80, 298, 'المرحلة الأولى'),
(80, 299, 'المرحلة الثانية'),
(80, 300, 'المرحلة الثالثة'),
(80, 301, 'المرحلة الرابعة'),
(81, 302, 'المرحلة الأولى'),
(81, 303, 'المرحلة الثانية'),
(81, 304, 'المرحلة الثالثة'),
(81, 305, 'المرحلة الرابعة'),
(82, 306, 'المرحلة الأولى'),
(82, 307, 'المرحلة الثانية'),
(82, 308, 'المرحلة الثالثة'),
(82, 309, 'المرحلة الرابعة'),
(83, 310, 'المرحلة الأولى'),
(83, 311, 'المرحلة الثانية'),
(83, 312, 'المرحلة الثالثة'),
(83, 313, 'المرحلة الرابعة'),
(84, 314, 'المرحلة الأولى'),
(84, 315, 'المرحلة الثانية'),
(84, 316, 'المرحلة الثالثة'),
(84, 317, 'المرحلة الرابعة'),
(85, 318, 'المرحلة الأولى'),
(85, 319, 'المرحلة الثانية'),
(85, 320, 'المرحلة الثالثة'),
(85, 321, 'المرحلة الرابعة'),
(86, 322, 'المرحلة الأولى'),
(86, 323, 'المرحلة الثانية'),
(86, 324, 'المرحلة الثالثة'),
(86, 325, 'المرحلة الرابعة'),
(87, 326, 'المرحلة الأولى'),
(87, 327, 'المرحلة الثانية'),
(87, 328, 'المرحلة الثالثة'),
(87, 329, 'المرحلة الرابعة'),
(88, 330, 'المرحلة الأولى'),
(88, 331, 'المرحلة الثانية'),
(88, 332, 'المرحلة الثالثة'),
(88, 333, 'المرحلة الرابعة'),
(89, 334, 'المرحلة الأولى'),
(89, 335, 'المرحلة الثانية'),
(89, 336, 'المرحلة الثالثة'),
(89, 337, 'المرحلة الرابعة'),
(90, 338, 'المرحلة الأولى'),
(90, 339, 'المرحلة الثانية'),
(90, 340, 'المرحلة الثالثة'),
(90, 341, 'المرحلة الرابعة'),
(91, 342, 'المرحلة الأولى'),
(91, 343, 'المرحلة الثانية'),
(91, 344, 'المرحلة الرابعة'),
(91, 345, 'المرحلة الرابعة'),
(92, 346, 'المرحلة الأولى'),
(92, 347, 'المرحلة الثانية'),
(92, 348, 'المرحلة الثالثة'),
(92, 349, 'المرحلة الرابعة'),
(93, 350, 'المرحلة الأولى'),
(93, 351, 'المرحلة الثانية'),
(93, 352, 'المرحلة الثالثة'),
(93, 353, 'المرحلة الرابعة'),
(94, 354, 'المرحلة الثانية'),
(94, 355, 'المرحلة الثالثة'),
(94, 356, 'المرحلة الرابعة'),
(94, 357, 'المرحلة الأولى'),
(95, 358, 'المرحلة الأولى'),
(95, 359, 'المرحلة الثانية'),
(95, 360, 'المرحلة الثالثة'),
(95, 361, 'المرحلة الرابعة'),
(96, 362, 'المرحلة الأولى'),
(96, 363, 'المرحلة الثانية'),
(96, 364, 'المرحلة الثالثة'),
(96, 365, 'المرحلة الرابعة'),
(97, 366, 'المرحلة الأولى'),
(97, 367, 'المرحلة الثانية'),
(97, 368, 'المرحلة الثالثة'),
(97, 369, 'المرحلة الرابعة'),
(98, 370, 'المرحلة الأولى'),
(98, 371, 'المرحلة الثانية'),
(98, 372, 'المرحلة الثالثة'),
(98, 373, 'المرحلة الرابعة'),
(99, 374, 'المرحلة الأولى'),
(99, 375, 'المرحلة الثانية'),
(99, 376, 'المرحلة الثالثة'),
(99, 377, 'المرحلة الرابعة'),
(100, 378, 'المرحلة الأولى'),
(100, 379, 'المرحلة الثانية'),
(100, 380, 'المرحلة الثالثة'),
(100, 381, 'المرحلة الرابعة'),
(101, 382, 'المرحلة الأولى'),
(101, 383, 'المرحلة الثانية'),
(101, 384, 'المرحلة الثالثة'),
(101, 385, 'المرحلة الرابعة'),
(102, 386, 'المرحلة الأولى'),
(102, 387, 'المرحلة الثانية'),
(102, 388, 'المرحلة الثالثة'),
(102, 389, 'المرحلة الرابعة'),
(103, 390, 'المرحلة الأولى'),
(103, 391, 'المرحلة الثانية'),
(103, 392, 'المرحلة الثالثة'),
(103, 393, 'المرحلة الرابعة'),
(104, 394, 'المرحلة الأولى'),
(104, 395, 'المرحلة الثانية'),
(104, 396, 'المرحلة الثالثة'),
(104, 397, 'المرحلة الرابعة'),
(105, 398, 'المرحلة الأولى'),
(105, 399, 'المرحلة الثانية'),
(105, 400, 'المرحلة الثالثة'),
(105, 401, 'المرحلة الرابعة'),
(106, 402, 'المرحلة الأولى'),
(106, 403, 'المرحلة الثانية'),
(106, 404, 'المرحلة الثالثة'),
(106, 405, 'المرحلة الرابعة'),
(107, 406, 'المرحلة الأولى'),
(107, 407, 'المرحلة الثانية'),
(107, 408, 'المرحلة الثالثة'),
(107, 409, 'المرحلة الرابعة'),
(12, 420, 'المرحلة الخامسة'),
(11, 500, 'المرحلة الأولى'),
(11, 501, 'المرحلة الثانية'),
(11, 502, 'المرحلة الثالثة'),
(11, 503, 'المرحلة الرابعة');

-- --------------------------------------------------------

--
-- Table structure for table `teacher1`
--

CREATE TABLE `teacher1` (
  `id` int(255) NOT NULL,
  `college` int(100) NOT NULL,
  `dep` int(100) DEFAULT NULL,
  `stage` int(100) DEFAULT NULL,
  `course` int(100) DEFAULT NULL,
  `visablity` tinyint(1) NOT NULL DEFAULT 0
) ENGINE=InnoDB DEFAULT CHARSET=utf8;

-- --------------------------------------------------------

--
-- Table structure for table `usersdata`
--

CREATE TABLE `usersdata` (
  `id` int(11) NOT NULL,
  `oauth_pro` varchar(50) NOT NULL,
  `oauthid` varchar(100) NOT NULL,
  `f_name` varchar(100) NOT NULL,
  `l_name` varchar(100) NOT NULL,
  `email_id` varchar(100) NOT NULL,
  `gender` varchar(20) NOT NULL,
  `locale` varchar(20) NOT NULL,
  `cover` varchar(255) NOT NULL,
  `picture` varchar(255) NOT NULL,
  `url` text NOT NULL,
  `created_date` datetime NOT NULL DEFAULT current_timestamp(),
  `validate` tinyint(1) NOT NULL DEFAULT 0,
  `checkit` tinyint(1) NOT NULL DEFAULT 2
) ENGINE=InnoDB DEFAULT CHARSET=utf8;

--
-- Indexes for dumped tables
--

--
-- Indexes for table `collegedepartments`
--
ALTER TABLE `collegedepartments`
  ADD PRIMARY KEY (`idDep`),
  ADD KEY `collegeDepartments_fk` (`id`);

--
-- Indexes for table `collegelect`
--
ALTER TABLE `collegelect`
  ADD PRIMARY KEY (`id`);

--
-- Indexes for table `colleges`
--
ALTER TABLE `colleges`
  ADD PRIMARY KEY (`id`);

--
-- Indexes for table `course1`
--
ALTER TABLE `course1`
  ADD PRIMARY KEY (`idCourse`),
  ADD KEY `course1_fk` (`idS1`);

--
-- Indexes for table `course1files`
--
ALTER TABLE `course1files`
  ADD PRIMARY KEY (`idFiles`),
  ADD KEY `idCourse` (`idCourse`),
  ADD KEY `id` (`id`);

--
-- Indexes for table `request1`
--
ALTER TABLE `request1`
  ADD KEY `id` (`id`),
  ADD KEY `college` (`college`),
  ADD KEY `dep` (`dep`),
  ADD KEY `stage` (`stage`),
  ADD KEY `course` (`course`);

--
-- Indexes for table `researcherst`
--
ALTER TABLE `researcherst`
  ADD PRIMARY KEY (`idResearcher`),
  ADD KEY `researchersT_fk` (`id`);

--
-- Indexes for table `stagesdep`
--
ALTER TABLE `stagesdep`
  ADD PRIMARY KEY (`idStage`),
  ADD KEY `stagesDep_fk` (`idDep`);

--
-- Indexes for table `teacher1`
--
ALTER TABLE `teacher1`
  ADD KEY `id` (`id`),
  ADD KEY `college` (`college`),
  ADD KEY `dep` (`dep`),
  ADD KEY `stage` (`stage`),
  ADD KEY `course` (`course`);

--
-- Indexes for table `usersdata`
--
ALTER TABLE `usersdata`
  ADD PRIMARY KEY (`id`);

--
-- AUTO_INCREMENT for dumped tables
--

--
-- AUTO_INCREMENT for table `course1`
--
ALTER TABLE `course1`
  MODIFY `idCourse` int(100) NOT NULL AUTO_INCREMENT, AUTO_INCREMENT=41;

--
-- AUTO_INCREMENT for table `course1files`
--
ALTER TABLE `course1files`
  MODIFY `idFiles` int(100) NOT NULL AUTO_INCREMENT, AUTO_INCREMENT=12;

--
-- AUTO_INCREMENT for table `researcherst`
--
ALTER TABLE `researcherst`
  MODIFY `idResearcher` int(100) NOT NULL AUTO_INCREMENT, AUTO_INCREMENT=4;

--
-- AUTO_INCREMENT for table `usersdata`
--
ALTER TABLE `usersdata`
  MODIFY `id` int(11) NOT NULL AUTO_INCREMENT, AUTO_INCREMENT=25;

--
-- Constraints for dumped tables
--

--
-- Constraints for table `collegedepartments`
--
ALTER TABLE `collegedepartments`
  ADD CONSTRAINT `collegeDepartments_fk` FOREIGN KEY (`id`) REFERENCES `collegelect` (`id`);

--
-- Constraints for table `course1`
--
ALTER TABLE `course1`
  ADD CONSTRAINT `course1_fk` FOREIGN KEY (`idS1`) REFERENCES `stagesdep` (`idStage`);

--
-- Constraints for table `course1files`
--
ALTER TABLE `course1files`
  ADD CONSTRAINT `course1files_ibfk_1` FOREIGN KEY (`idCourse`) REFERENCES `course1` (`idCourse`),
  ADD CONSTRAINT `course1files_ibfk_2` FOREIGN KEY (`id`) REFERENCES `usersdata` (`id`);

--
-- Constraints for table `request1`
--
ALTER TABLE `request1`
  ADD CONSTRAINT `request1_ibfk_1` FOREIGN KEY (`id`) REFERENCES `usersdata` (`id`),
  ADD CONSTRAINT `request1_ibfk_2` FOREIGN KEY (`college`) REFERENCES `collegelect` (`id`),
  ADD CONSTRAINT `request1_ibfk_3` FOREIGN KEY (`dep`) REFERENCES `collegedepartments` (`idDep`),
  ADD CONSTRAINT `request1_ibfk_4` FOREIGN KEY (`stage`) REFERENCES `stagesdep` (`idStage`),
  ADD CONSTRAINT `request1_ibfk_5` FOREIGN KEY (`course`) REFERENCES `course1` (`idCourse`);

--
-- Constraints for table `researcherst`
--
ALTER TABLE `researcherst`
  ADD CONSTRAINT `researchersT_fk` FOREIGN KEY (`id`) REFERENCES `colleges` (`id`);

--
-- Constraints for table `stagesdep`
--
ALTER TABLE `stagesdep`
  ADD CONSTRAINT `stagesDep_fk` FOREIGN KEY (`idDep`) REFERENCES `collegedepartments` (`idDep`);

--
-- Constraints for table `teacher1`
--
ALTER TABLE `teacher1`
  ADD CONSTRAINT `teacher1_ibfk_1` FOREIGN KEY (`id`) REFERENCES `usersdata` (`id`),
  ADD CONSTRAINT `teacher1_ibfk_2` FOREIGN KEY (`college`) REFERENCES `collegelect` (`id`),
  ADD CONSTRAINT `teacher1_ibfk_3` FOREIGN KEY (`dep`) REFERENCES `collegedepartments` (`idDep`),
  ADD CONSTRAINT `teacher1_ibfk_4` FOREIGN KEY (`stage`) REFERENCES `stagesdep` (`idStage`),
  ADD CONSTRAINT `teacher1_ibfk_5` FOREIGN KEY (`course`) REFERENCES `course1` (`idCourse`);
COMMIT;

/*!40101 SET CHARACTER_SET_CLIENT=@OLD_CHARACTER_SET_CLIENT */;
/*!40101 SET CHARACTER_SET_RESULTS=@OLD_CHARACTER_SET_RESULTS */;
/*!40101 SET COLLATION_CONNECTION=@OLD_COLLATION_CONNECTION */;
